n_estimators,max_samples,max_features,contamination,score
200,0.4,0.8,0.001,0.0662829967334568
50,0.8,0.8,0.001,0.0673436598352106
50,0.8,0.8,0.001,0.0689746824639125
100,0.8,0.8,0.001,0.0681788059000515
50,0.8,0.8,0.001,0.06574122401135084
